firstName,lastName,,Tm,MP,FG,FGA,FT,FTA,ORB,DRB,TRB,AST,STL,BLK,TOV,PF,PTS
Precious,Achiuwa,,TOR,1140,196,404,87,124,100,228,328,50,31,30,59,102,508
Steven,Adams,,MEM,1133,157,263,47,129,214,271,485,97,36,46,79,98,361
Bam,Adebayo,,MIA,2598,602,1114,324,402,184,504,688,240,88,61,187,208,1529
Ochai,Agbaji,,UTA,1209,165,386,56,69,43,78,121,67,16,15,41,99,467
Santi,Aldama,,MEM,1682,247,525,108,144,85,286,371,97,45,48,60,143,696
Nickeil,Alexander-Walker,,TOT,884,131,295,40,60,15,86,101,108,32,21,55,88,363
Nickeil,Alexander-Walker,,UTA,528,83,170,27,39,8,51,59,76,24,14,45,58,228
Nickeil,Alexander-Walker,,MIN,356,48,125,13,21,7,35,42,32,8,7,10,30,135
Grayson,Allen,,MIL,1972,245,557,114,126,61,176,237,163,62,14,72,117,750
Jarrett,Allen,,CLE,2220,403,626,162,221,221,445,666,113,54,84,93,153,969
Jose,Alvarado,,NOP,1310,201,489,65,80,28,113,141,186,67,10,81,125,550
Kyle,Anderson,,MIN,1957,252,495,100,136,66,302,368,335,78,63,103,146,647
Giannis,Antetokounmpo,,MIL,2024,707,1278,498,772,137,605,742,359,52,51,246,197,1959
Thanasis,Antetokounmpo,,MIL,206,20,46,11,22,15,29,44,15,3,3,12,22,51
Cole,Anthony,,ORL,1552,277,610,152,170,47,241,288,235,37,31,91,158,781
OG,Anunoby,,TOR,2386,421,885,140,167,95,237,332,131,128,50,132,200,1124
Ryan,Arcidiacono,,TOT,172,9,37,0,0,0,15,15,23,5,0,7,17,26
Ryan,Arcidiacono,,NYK,26,1,5,0,0,0,4,4,2,2,0,1,3,3
Ryan,Arcidiacono,,POR,146,8,32,0,0,0,11,11,21,3,0,6,14,23
Deni,Avdija,,WAS,2020,253,579,122,165,74,413,487,211,65,29,123,209,697
Deandre,Ayton,,PHO,2035,522,887,152,200,172,495,667,115,37,53,120,190,1203
Udoka,Azubuike,,UTA,359,59,72,7,20,31,88,119,11,6,15,18,34,125
Marvin,Bagley,III,DET,990,202,382,81,108,94,175,269,36,19,30,46,81,504
Patrick,Baldwin,Jr.,GSW,226,43,109,4,6,1,39,40,11,6,4,11,14,122
LaMelo,Ball,,CHO,1268,296,721,102,122,42,189,231,304,46,11,129,118,838
Mo,Bamba,,TOT,769,117,241,41,62,58,167,225,46,13,43,30,105,323
Mo,Bamba,,ORL,681,106,214,35,51,47,137,184,42,12,38,22,86,290
Mo,Bamba,,LAL,88,11,27,6,11,11,30,41,4,1,5,8,19,33
Paolo,Banchero,,ORL,2430,479,1122,394,534,84,413,497,269,60,39,200,160,1437
Desmond,Bane,,MEM,1841,450,939,181,205,43,248,291,254,56,22,126,150,1247
Dalano,Banton,,TOR,279,55,130,17,24,11,34,45,36,13,13,18,34,142
Dominick,Barlow,,SAS,408,46,86,18,25,46,56,102,24,10,19,15,56,110
Harrison,Barnes,,SAC,2662,374,791,350,413,87,279,366,128,57,10,86,103,1230
Scottie,Barnes,,TOR,2678,463,1016,190,246,179,333,512,371,83,61,154,170,1179
RJ,Barrett,,NYK,2475,510,1176,290,392,60,308,368,201,31,15,164,179,1431
Will,Barton,,TOT,993,138,364,37,47,15,122,137,112,28,13,48,56,379
Will,Barton,,WAS,782,110,285,35,45,10,101,111,95,17,10,45,39,307
Will,Barton,,TOR,211,28,79,2,2,5,21,26,17,11,3,3,17,72
Charles,Bassey,,SAS,508,87,135,22,37,75,118,193,47,16,33,41,74,199
Keita,Bates-Diop,,SAS,1452,236,465,119,150,65,183,248,103,46,20,56,63,647
Nicolas,Batum,,LAC,1709,160,381,34,48,62,237,299,121,54,44,50,149,478
Darius,Bazley,,TOT,616,83,183,38,70,34,104,138,38,22,34,27,44,224
Darius,Bazley,,OKC,555,71,158,36,65,29,93,122,32,19,29,22,35,196
Darius,Bazley,,PHO,61,12,25,2,5,5,11,16,6,3,5,5,9,28
Bradley,Beal,,WAS,1673,444,878,192,228,41,155,196,271,45,33,145,107,1160
Malik,Beasley,,TOT,2093,370,937,50,65,35,248,283,124,65,9,90,107,1025
Malik,Beasley,,UTA,1472,265,669,37,44,27,170,197,93,44,8,60,75,736
Malik,Beasley,,LAL,621,105,268,13,21,8,78,86,31,21,1,30,32,289
MarJon,Beauchamp,,MIL,701,96,243,27,37,38,77,115,35,21,7,45,71,266
D?vis,Bert?ns,,DAL,492,69,160,13,15,10,43,53,21,11,8,10,53,206
Patrick,Beverley,,TOT,1816,144,360,47,65,44,203,247,194,63,41,60,187,415
Patrick,Beverley,,LAL,1211,97,241,39,50,24,116,140,118,40,25,42,124,288
Patrick,Beverley,,CHI,605,47,119,8,15,20,87,107,76,23,16,18,63,127
Saddiq,Bey,,TOT,2129,353,836,205,238,98,264,362,118,70,13,71,123,1062
Saddiq,Bey,,DET,1500,245,606,180,209,59,183,242,84,50,12,54,86,771
Saddiq,Bey,,ATL,629,108,230,25,29,39,81,120,34,20,1,17,37,291
Khem,Birch,,TOR,162,19,32,4,5,8,17,25,7,5,5,8,24,43
Goga,Bitadze,,TOT,457,69,125,23,42,61,76,137,39,16,26,22,64,167
Goga,Bitadze,,IND,202,27,52,11,24,25,24,49,18,9,10,12,34,69
Goga,Bitadze,,ORL,255,42,73,12,18,36,52,88,21,7,16,10,30,98
Bismack,Biyombo,,PHO,874,119,206,25,70,89,171,260,56,18,88,51,114,263
Buddy,Boeheim,,DET,90,5,27,2,2,2,4,6,4,2,0,0,6,16
Bogdan,Bogdanovi?,,ATL,1508,273,611,64,77,23,142,165,150,43,18,65,86,756
Bojan,Bogdanovi?,,DET,1893,430,882,268,303,36,187,223,152,34,8,135,113,1273
Bol,Bol,,ORL,1505,261,478,82,108,69,336,405,69,30,85,112,92,634
Leandro,Bolmaro,,UTA,68,3,20,0,0,4,3,7,7,3,1,7,10,6
Devin,Booker,,PHO,1835,527,1067,306,358,46,194,240,293,51,18,145,159,1471
Brandon,Boston,Jr.,LAC,248,51,122,29,38,7,23,30,20,9,0,12,21,143
Chris,Boucher,,TOR,1523,261,529,128,168,157,264,421,29,47,64,41,143,712
James,Bouknight,,CHO,515,69,193,20,30,8,64,72,41,14,5,32,49,191
Jamaree,Bouyea,,TOT,71,6,14,1,2,1,5,6,4,4,2,4,6,15
Jamaree,Bouyea,,MIA,65,6,13,1,2,1,4,5,4,4,2,4,5,15
Jamaree,Bouyea,,WAS,6,0,1,0,0,0,1,1,0,0,0,0,1,0
Tony,Bradley,,CHI,33,6,12,4,4,1,10,11,1,1,1,1,2,19
Malaki,Branham,,SAS,1550,269,611,58,70,28,153,181,127,33,7,76,115,673
Jarrell,Brantley,,UTA,39,8,14,2,2,1,5,6,3,0,2,2,3,22
Christian,Braun,,DEN,1181,143,289,40,64,48,133,181,59,41,17,35,101,360
Mikal,Bridges,,TOT,2963,593,1267,316,353,79,285,364,273,91,61,127,159,1671
Mikal,Bridges,,PHO,2040,354,764,156,174,56,187,243,201,65,45,78,115,965
Mikal,Bridges,,BRK,923,239,503,160,179,23,98,121,72,26,16,49,44,706
Oshae,Brissett,,IND,1083,123,319,104,145,62,156,218,44,33,13,34,79,398
Malcolm,Brogdon,,BOS,1744,354,732,160,184,42,238,280,248,45,18,98,109,1000
Dillon,Brooks,,MEM,2214,392,991,120,154,45,199,244,189,65,16,104,240,1047
Bruce,Brown,,DEN,2280,358,741,116,153,63,265,328,268,87,51,123,190,923
Greg,Brown,III,POR,93,11,28,5,12,2,17,19,3,4,5,6,13,28
Jaylen,Brown,,BOS,2405,679,1383,263,344,78,381,459,232,75,26,197,172,1784
Kendall,Brown,,IND,40,4,7,1,2,2,4,6,3,4,0,2,9,9
Moses,Brown,,TOT,294,61,96,33,72,57,82,139,4,4,14,15,39,155
Moses,Brown,,LAC,288,61,96,33,72,57,82,139,4,3,14,14,38,155
Moses,Brown,,BRK,6,0,0,0,0,0,0,0,0,1,0,1,1,0
Sterling,Brown,,LAL,24,0,4,0,0,3,5,8,2,3,0,0,4,0
Troy,Brown,Jr.,LAL,1860,200,465,34,39,62,246,308,95,59,16,49,120,541
Jalen,Brunson,,NYK,2379,587,1195,325,392,40,201,241,421,61,15,142,152,1633
Thomas,Bryant,,TOT,1081,230,369,93,126,86,253,339,31,16,30,38,102,579
Thomas,Bryant,,LAL,876,197,301,80,108,67,212,279,29,14,23,28,77,496
Thomas,Bryant,,DEN,205,33,68,13,18,19,41,60,2,2,7,10,25,83
Reggie,Bullock,,DAL,2364,192,470,26,37,32,251,283,108,54,13,36,166,561
Alec,Burks,,DET,1122,200,459,153,188,19,139,158,114,38,8,58,98,652
Deonte,Burton,,SAC,6,0,2,0,0,0,0,0,0,0,0,0,0,0
Jared,Butler,,OKC,77,15,32,0,0,1,3,4,8,5,0,5,5,37
Jimmy,Butler,,MIA,2138,479,888,472,555,141,234,375,340,117,21,101,80,1466
John,Butler,,POR,221,17,53,3,4,3,14,17,11,7,9,1,22,45
Jamal,Cain,,MIA,240,37,66,17,22,15,37,52,12,11,1,6,21,98
Kentavious,Caldwell-Pope,,DEN,2381,292,632,103,125,35,173,208,183,112,35,86,145,822
Facundo,Campazzo,,DAL,52,3,13,1,2,0,2,2,9,6,0,3,3,10
Vlatko,?an?ar,,DEN,889,108,227,38,41,24,104,128,80,22,14,37,84,297
Clint,Capela,,ATL,1730,350,536,79,131,258,459,717,58,45,79,54,139,779
Vernon,Carey,Jr.,WAS,28,2,8,2,2,3,8,11,3,2,2,2,5,6
Jevon,Carter,,MIL,1810,239,565,31,38,35,167,202,197,66,29,78,158,651
Wendell,Carter,Jr.,ORL,1690,322,613,144,195,120,377,497,132,30,33,106,159,868
Michael,Carter-Williams,,ORL,44,6,14,4,7,1,4,5,7,1,1,4,5,17
Alex,Caruso,,CHI,1575,130,286,59,73,42,154,196,193,98,46,77,159,374
Julian,Champagnie,,TOT,320,59,130,14,17,10,50,60,10,6,5,11,26,165
Julian,Champagnie,,PHI,7,0,2,0,0,0,0,0,0,1,0,0,0,0
Julian,Champagnie,,SAS,313,59,128,14,17,10,50,60,10,5,5,11,26,165
Justin,Champagnie,,TOT,34,5,15,0,0,3,5,8,4,1,0,0,2,11
Justin,Champagnie,,TOR,11,3,3,0,0,1,3,4,1,0,0,0,1,6
Justin,Champagnie,,BOS,23,2,12,0,0,2,2,4,3,1,0,0,1,5
Kennedy,Chandler,,MEM,281,35,83,6,13,9,29,38,58,12,5,18,15,78
Max,Christie,,LAL,512,44,106,14,16,7,68,75,21,9,7,13,33,128
Josh,Christopher,,HOU,786,153,329,45,60,20,51,71,73,33,15,60,59,372
Brandon,Clarke,,MEM,1090,229,349,99,137,92,218,310,72,34,37,55,131,558
Jordan,Clarkson,,UTA,1988,458,1031,200,245,72,174,246,270,33,13,186,120,1271
Nic,Claxton,,BRK,2271,414,587,133,246,184,518,702,144,65,189,96,212,961
Amir,Coffey,,LAC,625,56,145,49,63,17,36,53,53,7,5,21,50,172
John,Collins,,ATL,2130,359,707,143,178,77,385,462,85,42,73,79,220,931
Zach,Collins,,SAS,1441,284,548,108,142,116,286,402,180,37,49,129,199,731
Chance,Comanche,,POR,21,3,5,1,4,2,1,3,0,0,1,0,0,7
Mike,Conley,,TOT,2029,261,610,141,169,33,149,182,450,73,14,103,139,798
Mike,Conley,,UTA,1276,153,375,78,96,17,90,107,330,44,10,74,94,461
Mike,Conley,,MIN,753,108,235,63,73,16,59,75,120,29,4,29,45,337
Pat,Connaughton,,MIL,1443,165,421,27,41,50,233,283,77,37,11,33,69,466
Xavier,Cooks,,WAS,126,17,28,4,10,16,22,38,6,6,4,8,13,38
Robert,Covington,,LAC,779,102,229,30,40,31,135,166,57,38,33,32,86,288
Torrey,Craig,,PHO,1948,228,500,32,45,145,281,426,117,50,62,73,179,588
Jae,Crowder,,MIL,340,45,94,10,12,17,52,69,27,12,6,7,27,124
Jarrett,Culver,,ATL,137,17,43,9,13,10,28,38,6,6,2,7,14,44
Cade,Cunningham,,DET,400,93,224,36,43,12,62,74,72,10,7,39,34,239
Seth,Curry,,BRK,1211,208,449,51,55,13,87,100,99,36,7,51,96,561
Stephen,Curry,,GSW,1941,559,1133,257,281,39,302,341,352,52,20,179,117,1648
Dyson,Daniels,,NOP,1042,87,208,26,40,36,152,188,134,43,11,57,99,227
Anthony,Davis,,LAL,1904,542,962,348,444,195,507,702,148,59,114,122,146,1451
Johnny,Davis,,WAS,423,66,171,14,27,10,55,65,28,10,8,17,48,163
Terence,Davis,,SAC,841,154,364,34,43,20,119,139,67,43,12,53,104,431
JD,Davison,,BOS,66,8,19,1,2,2,7,9,11,2,2,4,5,19
Darius,Days,,HOU,25,5,12,2,2,1,5,6,1,0,1,0,2,15
Dewayne,Dedmon,,TOT,426,77,151,33,49,34,100,134,26,9,19,25,75,199
Dewayne,Dedmon,,MIA,350,64,129,32,44,28,81,109,16,7,14,19,61,171
Dewayne,Dedmon,,PHI,76,13,22,1,5,6,19,25,10,2,5,6,14,28
Matthew,Dellavedova,,SAC,213,17,50,4,7,1,12,13,41,7,0,10,20,47
DeMar,DeRozan,,CHI,2682,657,1303,456,523,34,309,343,377,83,36,153,186,1816
Moussa,Diabaté,,LAC,195,24,47,10,16,31,19,50,4,7,8,9,15,59
Mamadi,Diakite,,CLE,176,24,50,2,2,8,22,30,8,4,9,12,26,57
Hamidou,Diallo,,DET,996,215,375,87,148,57,137,194,55,53,16,71,124,522
Gorgui,Dieng,,SAS,358,45,117,10,13,27,80,107,53,4,14,32,57,121
Ousmane,Dieng,,OKC,569,76,181,15,23,19,86,105,46,14,7,26,42,193
Spencer,Dinwiddie,,TOT,2725,460,1050,268,330,28,242,270,515,67,24,145,187,1369
Spencer,Dinwiddie,,DAL,1808,316,694,170,207,19,144,163,279,39,16,90,124,940
Spencer,Dinwiddie,,BRK,917,144,356,98,123,9,98,107,236,28,8,55,63,429
Donte,DiVincenzo,,GSW,1894,235,540,58,71,80,245,325,252,97,10,112,133,678
Luka,Don?i?,,DAL,2391,719,1449,515,694,54,515,569,529,90,33,236,166,2138
Tyler,Dorsey,,DAL,8,4,5,0,0,1,1,2,0,0,0,0,0,9
Luguentz,Dort,,OKC,2272,339,873,200,259,128,216,344,154,75,23,92,243,1013
Ayo,Dosunmu,,CHI,2098,281,570,66,82,45,175,220,206,62,26,99,182,687
Devon,Dotson,,WAS,53,1,10,0,0,6,4,10,8,5,0,3,9,3
Jeff,Dowtin,,TOR,259,25,57,6,9,6,17,23,31,9,3,5,13,61
PJ,Dozier,,SAC,79,10,33,0,0,1,13,14,10,6,1,5,7,22
Goran,Dragi?,,TOT,870,141,335,31,45,16,65,81,151,13,4,63,65,365
Goran,Dragi?,,CHI,787,127,299,27,41,13,56,69,139,11,4,56,63,326
Goran,Dragi?,,MIL,83,14,36,4,4,3,9,12,12,2,0,7,2,39
Andre,Drummond,,CHI,849,166,274,67,125,138,306,444,33,45,27,75,117,399
Chris,Duarte,,IND,897,123,333,61,72,19,96,115,64,25,9,41,65,362
David,Duke,Jr.,BRK,228,36,78,12,17,11,18,29,21,10,1,18,31,85
Kris,Dunn,,UTA,568,116,216,41,53,9,91,100,124,25,10,35,58,290
Kevin,Durant,,TOT,1672,483,862,307,334,17,296,313,235,34,67,156,99,1366
Kevin,Durant,,BRK,1403,410,734,267,286,14,248,262,207,32,57,136,92,1158
Kevin,Durant,,PHO,269,73,128,40,48,3,48,51,28,2,10,20,7,208
Jalen,Duren,,DET,1670,258,398,96,157,229,366,595,75,44,59,92,182,612
Tari,Eason,,HOU,1767,296,660,109,145,195,301,496,88,96,47,101,189,760
Anthony,Edwards,,MIN,2842,707,1541,319,422,47,411,458,350,125,58,259,186,1946
Kessler,Edwards,,TOT,385,36,93,11,15,23,38,61,23,14,6,13,40,100
Kessler,Edwards,,BRK,79,6,24,1,2,6,8,14,2,3,1,4,3,15
Kessler,Edwards,,SAC,306,30,69,10,13,17,30,47,21,11,5,9,37,85
Keon,Ellis,,SAC,71,7,16,4,7,4,4,8,6,5,1,1,10,24
Joel,Embiid,,PHI,2284,728,1328,661,771,113,557,670,274,66,112,226,205,2183
Drew,Eubanks,,POR,1584,214,334,83,125,132,286,418,103,40,102,67,169,518
Bruno,Fernando,,TOT,405,59,112,35,50,54,83,137,31,6,34,25,74,153
Bruno,Fernando,,HOU,364,48,93,30,44,48,74,122,30,6,31,20,68,126
Bruno,Fernando,,ATL,41,11,19,5,6,6,9,15,1,0,3,5,6,27
Dorian,Finney-Smith,,TOT,2009,196,501,45,59,114,202,316,100,55,36,62,144,551
Dorian,Finney-Smith,,DAL,1288,129,310,30,40,67,121,188,59,38,20,36,80,365
Dorian,Finney-Smith,,BRK,721,67,191,15,19,47,81,128,41,17,16,26,64,186
Malachi,Flynn,,TOR,691,87,242,25,33,15,61,76,70,21,4,25,65,246
Simone,Fontecchio,,UTA,766,115,312,35,44,31,55,86,42,15,8,39,62,328
Bryn,Forbes,,MIN,268,30,83,15,15,4,11,15,17,7,2,12,22,89
Trent,Forrest,,ATL,277,25,60,2,3,5,32,37,38,7,2,15,17,52
Michael,Foster,Jr.,PHI,1,0,0,0,0,0,0,0,0,0,0,0,0,0
Evan,Fournier,,NYK,459,56,166,18,21,4,45,49,36,16,3,22,46,165
De'Aaron,Fox,,SAC,2435,682,1331,343,440,40,266,306,447,83,23,181,172,1826
Markelle,Fultz,,ORL,1778,349,679,112,143,69,165,234,341,87,26,139,131,837
Wenyen,Gabriel,,LAL,1024,155,260,52,84,116,170,286,36,26,35,46,144,372
Daniel,Gafford,,WAS,1604,289,395,127,187,163,270,433,84,33,99,85,187,705
Darius,Garland,,CLE,2447,522,1129,277,321,28,157,185,538,85,9,199,148,1490
Usman,Garuba,,HOU,970,86,177,29,47,120,187,307,64,44,29,47,135,225
Luka,Garza,,MIN,243,63,116,41,52,33,30,63,18,3,2,14,43,181
Rudy,Gay,,UTA,816,109,287,42,49,33,130,163,57,19,18,37,68,293
Paul,George,,LAC,1939,459,1004,256,294,45,297,342,288,83,20,176,159,1332
Taj,Gibson,,WAS,480,65,125,30,42,32,61,93,34,15,12,26,84,168
Josh,Giddey,,OKC,2367,539,1118,106,145,148,451,599,469,57,31,211,143,1260
Shai,Gilgeous-Alexander,,OKC,2416,704,1381,669,739,59,270,329,371,112,65,192,192,2135
Anthony,Gill,,WAS,624,71,132,49,67,37,62,99,34,7,12,15,70,195
Jacob,Gilyard,,MEM,41,1,3,0,0,0,4,4,7,3,0,2,3,3
Rudy,Gobert,,MIN,2148,360,546,219,340,231,583,814,87,56,95,122,210,939
Jordan,Goodwin,,WAS,1106,158,353,53,69,57,148,205,168,58,26,57,95,407
Aaron,Gordon,,DEN,2055,429,761,191,314,164,282,446,203,54,51,98,129,1109
Eric,Gordon,,TOT,1965,291,653,142,173,16,118,134,183,43,25,104,78,856
Eric,Gordon,,HOU,1418,210,478,110,135,12,85,97,136,30,17,83,45,615
Eric,Gordon,,LAC,547,81,175,32,38,4,33,37,47,13,8,21,33,241
Devonte',Graham,,TOT,1338,161,431,98,131,19,103,122,196,45,16,53,79,539
Devonte',Graham,,NOP,811,85,231,44,59,12,60,72,116,30,10,27,48,280
Devonte',Graham,,SAS,527,76,200,54,72,7,43,50,80,15,6,26,31,259
Jerami,Grant,,POR,2246,434,913,278,342,53,230,283,150,51,53,116,152,1290
RaiQuan,Gray,,BRK,35,6,12,2,2,3,6,9,7,0,1,4,5,16
A.J.,Green,,MIL,345,53,125,4,4,6,39,45,22,6,0,9,31,154
Danny,Green,,TOT,138,22,49,1,1,3,11,14,6,6,3,10,16,61
Danny,Green,,MEM,43,3,11,0,0,1,3,4,2,1,0,3,6,9
Danny,Green,,CLE,95,19,38,1,1,2,8,10,4,5,3,7,10,52
Draymond,Green,,GSW,2297,250,474,77,108,66,459,525,500,74,60,204,229,617
Jalen,Green,,HOU,2602,566,1359,364,463,43,241,284,281,59,18,200,131,1683
JaMychal,Green,,GSW,797,136,252,52,67,72,133,205,51,25,23,52,105,366
Javonte,Green,,CHI,480,61,108,30,45,27,61,88,23,24,21,20,52,165
Jeff,Green,,DEN,1091,160,328,87,117,38,106,144,69,18,17,46,99,437
Josh,Green,,DAL,1539,205,382,68,94,55,127,182,103,42,5,72,156,546
AJ,Griffin,,ATL,1401,248,533,42,47,37,116,153,73,42,12,42,87,639
Blake,Griffin,,BOS,569,63,130,21,32,47,108,155,61,14,9,22,75,170
Quentin,Grimes,,NYK,2121,282,602,78,98,49,180,229,150,47,26,69,177,799
Rui,Hachimura,,TOT,1466,284,584,88,119,53,230,283,58,19,26,53,72,707
Rui,Hachimura,,WAS,728,158,324,44,58,19,109,128,35,11,12,36,39,390
Rui,Hachimura,,LAL,738,126,260,44,61,34,121,155,23,8,14,17,33,317
Tyrese,Haliburton,,IND,1883,412,841,175,201,33,172,205,585,91,25,141,69,1160
Jordan,Hall,,SAS,83,9,28,7,9,3,9,12,11,1,0,7,6,28
R.J.,Hampton,,TOT,750,102,237,57,76,18,69,87,54,27,9,42,51,302
R.J.,Hampton,,ORL,361,50,114,31,37,9,30,39,34,16,4,21,22,149
R.J.,Hampton,,DET,389,52,123,26,39,9,39,48,20,11,5,21,29,153
Tim,Hardaway,Jr.,DAL,2152,340,847,127,165,21,230,251,129,49,12,60,120,1019
James,Harden,,PHI,2135,371,842,313,361,40,314,354,618,71,31,195,112,1216
Jaden,Hardy,,DAL,708,146,333,65,79,11,78,89,65,17,7,46,64,420
Ron,Harper,Jr.,TOR,48,8,16,1,1,3,4,7,4,0,1,0,3,20
Montrezl,Harrell,,PHI,681,125,209,70,101,67,92,159,33,17,25,35,75,320
Gary,Harris,,ORL,1184,138,307,27,30,21,77,98,59,45,12,28,93,397
Joe,Harris,,BRK,1527,201,440,18,28,23,141,164,101,34,13,41,140,562
Kevon,Harris,,ORL,457,47,107,31,41,28,42,70,16,17,5,21,53,141
Tobias,Harris,,PHI,2436,423,845,113,129,67,357,424,186,68,40,89,149,1085
Shaquille,Harrison,,POR,120,15,36,11,15,1,21,22,30,11,2,6,12,44
Josh,Hart,,TOT,2454,275,520,132,176,142,451,593,290,88,21,117,195,743
Josh,Hart,,POR,1704,183,363,87,119,95,322,417,200,54,9,79,133,487
Josh,Hart,,NYK,750,92,157,45,57,47,129,176,90,34,12,38,62,256
Isaiah,Hartenstein,,NYK,1626,175,327,48,71,209,327,536,102,53,64,66,213,406
Udonis,Haslem,,MIA,71,10,29,4,5,4,7,11,0,1,2,1,11,27
Sam,Hauser,,BOS,1290,180,396,12,17,35,169,204,71,29,21,30,99,512
Jaxson,Hayes,,NOP,610,86,156,58,83,39,93,132,34,20,19,31,67,233
Killian,Hayes,,DET,2154,307,815,92,112,28,193,221,470,104,28,173,219,786
Gordon,Hayward,,CHO,1577,276,581,129,159,33,182,215,206,42,12,99,70,733
Juancho,Hernangómez,,TOR,614,48,114,9,16,27,96,123,25,16,6,15,43,122
Willy,Hernangómez,,NOP,458,89,169,81,104,58,122,180,33,17,13,39,64,262
Tyler,Herro,,MIA,2337,487,1109,170,182,27,333,360,280,51,16,158,101,1347
Buddy,Hield,,IND,2482,475,1038,106,129,67,333,400,225,92,26,139,156,1344
Haywood,Highsmith,,MIA,969,93,216,13,28,57,131,188,43,36,17,45,82,236
George,Hill,,TOT,834,78,166,42,55,15,70,85,110,26,6,34,55,232
George,Hill,,MIL,668,59,132,34,46,13,54,67,89,19,3,27,41,175
George,Hill,,IND,166,19,34,8,9,2,16,18,21,7,3,7,14,57
Malcolm,Hill,,CHI,9,2,4,0,0,0,3,3,0,0,0,0,1,5
Aaron,Holiday,,ATL,845,92,220,27,32,25,49,74,89,37,12,36,79,247
Jrue,Holiday,,MIL,2183,490,1023,152,177,79,262,341,495,79,25,197,116,1290
Justin,Holiday,,TOT,706,77,204,5,8,5,50,55,41,19,19,22,68,205
Justin,Holiday,,ATL,411,48,125,0,0,2,21,23,25,5,10,12,37,126
Justin,Holiday,,DAL,295,29,79,5,8,3,29,32,16,14,9,10,31,79
Richaun,Holmes,,SAC,348,55,89,15,19,29,51,80,9,3,11,14,50,130
Al,Horford,,BOS,1922,228,479,15,21,73,317,390,189,30,61,37,121,616
Talen,Horton-Tucker,,UTA,1313,257,613,126,168,41,169,210,246,41,29,126,108,698
Danuel,House,Jr.,PHI,807,93,197,45,60,9,85,94,44,14,9,26,69,268
Caleb,Houstan,,ORL,812,66,182,15,18,34,65,99,30,12,7,18,63,193
Trevor,Hudgins,,HOU,28,2,9,3,3,0,0,0,3,0,0,1,1,9
Kevin,Huerter,,SAC,2203,420,866,95,131,42,209,251,221,80,24,97,181,1140
Jay,Huff,,WAS,95,15,25,15,16,6,15,21,10,3,4,5,15,51
De'Andre,Hunter,,ATL,2126,379,822,171,207,46,238,284,94,35,17,82,199,1029
Bones,Hyland,,TOT,1085,228,571,86,102,20,115,135,172,39,15,82,96,659
Bones,Hyland,,DEN,820,173,434,71,82,10,76,86,125,28,13,67,66,508
Bones,Hyland,,LAC,265,55,137,15,20,10,39,49,47,11,2,15,30,151
Serge,Ibaka,,MIL,185,26,54,8,13,15,29,44,4,2,7,11,23,66
Andre,Iguodala,,GSW,113,7,15,2,3,3,14,17,19,4,3,9,11,17
Joe,Ingles,,MIL,1044,108,248,18,21,13,115,128,150,33,6,55,74,317
Brandon,Ingram,,NOP,1538,404,835,240,272,23,223,246,262,32,19,148,116,1112
Kyrie,Irving,,TOT,2241,594,1203,247,273,59,245,304,331,66,45,128,165,1623
Kyrie,Irving,,BRK,1478,398,819,158,179,38,166,204,211,41,33,91,109,1084
Kyrie,Irving,,DAL,763,196,384,89,94,21,79,100,120,25,12,37,56,539
Jonathan,Isaac,,ORL,124,22,53,5,9,15,29,44,6,14,4,4,5,55
Jaden,Ivey,,DET,2304,409,983,266,356,73,215,288,387,61,17,237,242,1204
Frank,Jackson,,UTA,5,0,3,0,0,1,1,2,1,0,0,0,0,0
Isaiah,Jackson,,IND,1042,179,318,95,146,113,169,282,51,31,93,51,154,455
Jaren,Jackson,Jr.,MEM,1787,416,822,241,306,108,318,426,60,65,189,107,227,1173
Justin,Jackson,,BOS,107,7,27,1,2,2,15,17,9,4,4,2,7,20
Quenton,Jackson,,WAS,135,19,42,17,22,2,6,8,15,4,1,4,10,56
Reggie,Jackson,,TOT,1657,263,640,71,78,25,119,144,233,47,6,115,114,693
Reggie,Jackson,,LAC,1338,214,512,61,66,22,94,116,183,38,5,96,92,566
Reggie,Jackson,,DEN,319,49,128,10,12,3,25,28,50,9,1,19,22,127
LeBron,James,,LAL,1954,609,1219,251,327,65,392,457,375,50,32,178,88,1590
Ty,Jerome,,GSW,816,118,242,38,41,7,71,78,135,23,5,30,64,309
Isaiah,Joe,,OKC,1395,224,508,82,100,27,148,175,88,48,8,39,105,691
Alize,Johnson,,SAS,30,3,6,1,2,2,8,10,1,1,0,4,3,7
Cameron,Johnson,,TOT,1199,223,474,101,120,34,151,185,78,50,14,37,83,650
Cameron,Johnson,,PHO,429,82,173,27,33,14,51,65,26,15,6,10,29,236
Cameron,Johnson,,BRK,770,141,301,74,87,20,100,120,52,35,8,27,54,414
Jalen,Johnson,,ATL,1042,158,322,49,78,51,231,282,83,38,34,41,113,395
James,Johnson,,IND,162,22,49,4,8,4,26,30,15,7,6,8,32,51
Keldon,Johnson,,SAS,2063,503,1113,245,327,56,262,318,183,46,11,134,125,1385
Keon,Johnson,,POR,416,67,178,27,41,11,33,44,59,19,6,43,43,189
Stanley,Johnson,,SAS,469,65,122,26,39,22,73,95,67,16,6,33,48,174
Nikola,Joki?,,DEN,2323,646,1022,341,415,167,650,817,678,87,47,247,174,1690
Carlik,Jones,,CHI,56,6,15,5,8,1,4,5,6,2,0,2,2,20
Damian,Jones,,TOT,477,55,86,22,29,42,80,122,15,8,21,23,55,142
Damian,Jones,,LAL,176,20,37,15,20,18,37,55,4,3,12,9,17,55
Damian,Jones,,UTA,301,35,49,7,9,24,43,67,11,5,9,14,38,87
Derrick,Jones,Jr.,CHI,893,115,230,62,84,60,93,153,34,29,37,25,86,319
Herbert,Jones,,NOP,1951,235,501,123,161,97,172,269,162,103,42,88,208,649
Kai,Jones,,CHO,550,67,120,19,26,37,86,123,15,17,30,31,65,157
Tre,Jones,,SAS,1984,341,743,148,172,56,189,245,448,89,9,110,98,875
Tyus,Jones,,MEM,1940,311,710,80,100,28,172,200,417,83,6,74,32,823
DeAndre,Jordan,,DEN,586,88,115,22,48,52,150,202,34,12,23,48,71,199
Cory,Joseph,,DET,1227,150,351,57,72,21,85,106,217,34,9,56,88,427
Nikola,Jovi?,,MIA,204,28,69,18,19,9,22,31,10,7,2,10,19,82
Johnny,Juzang,,UTA,232,35,104,2,4,8,31,39,8,4,3,3,13,87
Mfiondu,Kabengele,,BOS,36,2,7,2,2,5,5,10,0,2,0,1,3,6
Frank,Kaminsky,,TOT,235,31,63,14,16,7,45,52,32,6,4,9,22,89
Frank,Kaminsky,,ATL,176,25,44,10,12,3,33,36,21,5,1,9,21,71
Frank,Kaminsky,,HOU,59,6,19,4,4,4,12,16,11,1,3,0,1,18
Trevor,Keels,,NYK,8,1,4,0,0,0,2,2,0,0,0,0,0,3
Luke,Kennard,,TOT,1315,188,382,37,39,15,143,158,91,32,5,46,82,546
Luke,Kennard,,LAC,725,98,211,19,20,6,77,83,37,19,4,30,47,274
Luke,Kennard,,MEM,590,90,171,18,19,9,66,75,54,13,1,16,35,272
Walker,Kessler,,UTA,1703,298,414,82,159,231,389,620,69,26,173,58,169,679
Braxton,Key,,DET,9,1,1,2,2,0,1,1,0,0,0,0,0,4
Louis,King,,PHI,29,8,13,0,1,2,2,4,2,1,0,2,4,20
Corey,Kispert,,WAS,2093,291,585,75,88,33,174,207,87,32,9,55,97,820
Maxi,Kleber,,DAL,930,77,169,27,38,30,105,135,52,12,30,27,85,220
Nathan,Knight,,MIN,291,46,81,39,57,22,34,56,13,10,6,21,41,139
Kevin,Knox,,TOT,952,152,332,46,60,34,143,177,33,24,12,50,95,415
Kevin,Knox,,DET,593,84,179,26,33,20,88,108,15,14,12,32,74,237
Kevin,Knox,,POR,359,68,153,20,27,14,55,69,18,10,0,18,21,178
Christian,Koloko,,TOR,802,72,150,37,59,84,87,171,31,21,57,20,128,182
John,Konchar,,MEM,1494,138,320,28,36,64,246,310,100,77,25,37,112,364
Furkan,Korkmaz,,PHI,353,48,111,26,36,6,36,42,22,10,3,24,18,140
Luke,Kornet,,BOS,804,113,170,32,39,86,111,197,53,11,46,25,81,261
Vit,Krejci,,ATL,165,15,37,1,2,6,20,26,17,5,1,5,17,36
Jonathan,Kuminga,,GSW,1394,261,497,90,138,70,161,231,125,41,31,95,157,666
Kyle,Kuzma,,WAS,2239,512,1142,173,237,55,408,463,239,36,29,190,145,1357
Anthony,Lamb,,GSW,1195,148,314,46,60,56,159,215,96,28,20,54,134,415
Jock,Landale,,PHO,979,178,337,79,105,119,161,280,68,16,30,59,126,456
Romeo,Langford,,SAS,844,121,259,39,56,57,57,114,50,24,13,30,67,297
Jake,LaRavia,,MEM,414,37,95,7,9,19,44,63,21,12,4,18,49,105
Zach,LaVine,,CHI,2768,673,1388,363,428,42,303,345,327,69,18,194,159,1913
A.J.,Lawson,,TOT,108,22,44,2,8,6,15,21,2,2,0,3,11,56
A.J.,Lawson,,MIN,2,1,1,0,0,0,1,1,0,0,0,0,1,2
A.J.,Lawson,,DAL,106,21,43,2,8,6,14,20,2,2,0,3,10,54
Damion,Lee,,PHO,1506,200,452,94,104,39,186,225,99,30,7,78,118,604
Saben,Lee,,TOT,373,49,121,42,57,13,32,45,67,19,1,24,32,151
Saben,Lee,,PHI,10,3,4,0,0,0,0,0,2,1,0,3,1,6
Saben,Lee,,PHO,363,46,117,42,57,13,32,45,65,18,1,21,31,145
Alex,Len,,SAC,161,16,30,11,16,24,36,60,12,4,11,16,28,43
Kawhi,Leonard,,LAC,1748,446,871,243,279,57,281,338,204,72,28,88,84,1239
Meyers,Leonard,,MIL,114,14,29,8,9,12,22,34,1,2,0,6,16,43
Caris,LeVert,,CLE,2237,320,742,130,180,53,229,282,287,72,24,116,170,897
Kira,Lewis,Jr.,NOP,235,40,88,19,22,5,28,33,23,10,2,10,24,114
Damian,Lillard,,POR,2107,556,1202,510,558,44,233,277,425,50,18,191,109,1866
Nassir,Little,,POR,976,134,303,33,46,27,114,141,50,20,20,36,66,359
Isaiah,Livers,,DET,1199,120,288,32,39,28,115,143,41,28,28,30,103,346
Kenneth,Lofton,Jr.,MEM,176,49,93,16,27,19,32,51,20,5,2,12,28,120
Kevon,Looney,,GSW,1958,242,384,94,155,274,486,760,207,52,50,45,225,578
Brook,Lopez,,MIL,2373,477,899,149,190,157,363,520,99,37,193,107,203,1239
Robin,Lopez,,CLE,299,48,75,14,18,23,28,51,19,2,8,25,43,112
Kevin,Love,,TOT,1240,165,424,80,91,59,340,399,116,16,12,70,97,509
Kevin,Love,,CLE,821,111,285,56,63,42,238,280,76,7,7,47,65,347
Kevin,Love,,MIA,419,54,139,24,28,17,102,119,40,9,5,23,32,162
Kyle,Lowry,,MIA,1718,196,485,116,135,43,182,225,281,57,21,103,143,615
Trey,Lyles,,SAC,1247,187,408,101,124,68,232,300,66,27,31,64,97,562
Théo,Maledon,,CHO,854,102,254,63,74,14,109,123,152,37,12,59,61,295
Sandro,Mamukelashvili,,TOT,660,97,230,39,57,70,115,185,62,14,12,35,52,263
Sandro,Mamukelashvili,,MIL,217,19,58,12,18,18,38,56,16,4,5,9,19,57
Sandro,Mamukelashvili,,SAS,443,78,172,27,39,52,77,129,46,10,7,26,33,206
Terance,Mann,,LAC,1872,272,524,92,118,77,199,276,184,42,22,80,149,713
Tre,Mann,,OKC,1183,197,501,42,55,27,128,155,120,40,11,62,99,517
Boban,Marjanovi?,,HOU,171,41,60,20,27,20,40,60,9,5,2,14,10,102
Lauri,Markkanen,,UTA,2273,571,1145,349,399,130,440,570,123,42,38,127,137,1691
Naji,Marshall,,NOP,1792,247,571,138,175,48,231,279,189,54,14,97,113,698
Caleb,Martin,,MIA,2077,254,548,91,113,88,256,344,117,71,31,78,145,683
Cody,Martin,,CHO,134,14,36,4,7,8,16,24,11,4,1,2,13,35
KJ,Martin,,HOU,2292,410,720,151,222,126,326,452,123,41,30,91,147,1039
Tyrese,Martin,,ATL,66,9,23,2,2,5,7,12,2,1,0,2,2,21
Garrison,Mathews,,TOT,686,73,201,48,53,11,62,73,26,24,5,19,62,257
Garrison,Mathews,,HOU,602,60,170,41,45,10,52,62,23,23,4,18,56,214
Garrison,Mathews,,ATL,84,13,31,7,8,1,10,11,3,1,1,1,6,43
Bennedict,Mathurin,,IND,2222,413,951,376,454,87,231,318,116,48,13,152,162,1302
Wesley,Matthews,,MIL,820,58,160,24,28,34,79,113,34,20,13,18,71,179
Tyrese,Maxey,,PHI,2016,439,913,180,213,23,153,176,212,49,8,80,132,1218
Skylar,Mays,,POR,189,34,68,12,13,2,17,19,50,6,1,10,11,92
Miles,McBride,,NYK,760,77,215,28,42,13,37,50,72,37,8,25,60,222
Mac,McClung,,PHI,41,9,20,3,5,3,7,10,9,0,0,3,3,25
CJ,McCollum,,NOP,2649,587,1344,183,238,55,273,328,429,70,38,183,153,1568
T.J.,McConnell,,IND,1526,283,521,58,68,45,189,234,397,81,10,143,105,650
Jaden,McDaniels,,MIN,2416,370,716,106,144,92,215,307,148,74,76,112,272,953
Jalen,McDaniels,,TOT,1913,281,617,116,138,63,283,346,130,83,34,93,209,755
Jalen,McDaniels,,CHO,1494,221,494,88,104,44,226,270,111,66,29,80,158,595
Jalen,McDaniels,,PHI,419,60,123,28,34,19,57,76,19,17,5,13,51,160
Doug,McDermott,,SAS,1314,239,523,53,70,24,115,139,91,13,6,58,118,654
JaVale,McGee,,DAL,355,80,125,24,41,30,77,107,11,4,26,36,54,186
Bryce,McGowens,,CHO,787,80,202,60,80,20,73,93,54,15,6,43,48,246
Rodney,McGruder,,DET,524,62,152,18,22,20,54,74,28,16,1,11,39,183
Jordan,McLaughlin,,MIN,678,61,145,15,18,15,47,62,148,32,4,33,28,161
De'Anthony,Melton,,PHI,2150,277,651,69,87,69,243,312,197,126,41,102,191,780
Sam,Merrill,,CLE,59,9,22,2,2,0,9,9,5,4,0,0,3,25
Chimezie,Metu,,SAC,689,129,219,54,73,47,151,198,40,22,21,32,81,321
Khris,Middleton,,MIL,801,177,406,92,102,28,112,140,163,23,5,71,68,497
Patty,Mills,,BRK,567,86,209,25,30,8,36,44,56,15,3,30,32,246
Shake,Milton,,PHI,1567,241,503,99,116,39,152,191,240,25,13,94,123,637
Justin,Minaya,,POR,89,7,23,0,1,3,12,15,4,2,5,4,9,17
Josh,Minott,,MIN,96,18,36,8,8,5,20,25,5,4,6,3,10,46
Davion,Mitchell,,SAC,1447,181,399,25,31,16,89,105,185,44,15,62,112,450
Donovan,Mitchell,,CLE,2432,679,1402,319,368,63,226,289,301,99,27,180,168,1922
Evan,Mobley,,CLE,2715,525,947,205,304,187,524,711,224,60,119,146,218,1277
Isaiah,Mobley,,CLE,84,12,28,4,4,4,16,20,3,4,3,1,8,31
Chima,Moneke,,SAC,8,1,2,0,2,2,0,2,1,0,0,2,2,2
Malik,Monk,,SAC,1719,357,796,184,207,32,171,203,298,49,20,146,125,1041
Moses,Moody,,GSW,817,108,227,37,53,28,77,105,51,18,7,34,54,302
Xavier,Moon,,LAC,20,3,9,0,0,0,3,3,5,0,0,1,2,7
Wendell,Moore,Jr.,MIN,153,18,43,4,5,4,14,18,18,8,5,8,13,42
Ja,Morant,,MEM,1948,566,1214,372,497,61,296,357,493,66,16,206,100,1596
Marcus,Morris,,LAC,1825,274,643,68,87,29,229,258,114,42,21,56,136,728
Markieff,Morris,,TOT,355,47,115,10,10,13,58,71,31,9,5,18,48,132
Markieff,Morris,,BRK,285,33,82,10,10,13,46,59,25,8,5,14,33,96
Markieff,Morris,,DAL,70,14,33,0,0,0,12,12,6,1,0,4,15,36
Monte,Morris,,WAS,1695,247,515,64,77,26,184,210,326,43,13,60,75,636
Trey,Murphy,III,NOP,2448,387,800,172,190,59,222,281,112,89,43,61,155,1148
Dejounte,Murray,,ATL,2693,612,1319,158,190,53,336,389,448,112,19,160,106,1515
Jamal,Murray,,DEN,2133,473,1041,180,216,48,209,257,400,66,16,145,103,1298
Keegan,Murray,,SAC,2382,354,782,62,81,89,282,371,98,61,42,60,162,976
Mike,Muscala,,TOT,945,131,292,40,52,37,166,203,50,15,24,23,98,383
Mike,Muscala,,OKC,622,89,203,31,39,23,112,135,38,11,19,14,70,265
Mike,Muscala,,BOS,323,42,89,9,13,14,54,68,12,4,5,9,28,118
Svi,Mykhailiuk,,TOT,468,77,173,26,39,15,38,53,53,15,4,24,23,222
Svi,Mykhailiuk,,NYK,40,6,12,3,5,0,7,7,1,1,0,2,1,21
Svi,Mykhailiuk,,CHO,428,71,161,23,34,15,31,46,52,14,4,22,22,201
Larry,Nance,Jr.,NOP,1381,186,305,55,79,106,248,354,119,56,37,42,133,441
Andrew,Nembhard,,IND,2073,284,644,49,62,35,164,199,341,70,13,126,179,709
Aaron,Nesmith,,IND,1816,252,590,119,142,62,215,277,98,55,34,75,235,738
Raul,Neto,,CLE,505,57,110,31,34,10,36,46,79,17,4,24,49,157
Georges,Niang,,PHI,1512,222,502,39,45,19,166,185,77,30,14,54,145,637
Daishen,Nix,,HOU,914,81,237,24,36,18,80,98,132,31,7,86,59,226
Zeke,Nnaji,,DEN,728,110,196,40,62,65,73,138,18,17,23,31,105,277
Nerlens,Noel,,TOT,195,13,36,8,12,10,36,46,10,16,10,13,32,35
Nerlens,Noel,,DET,152,12,30,7,10,7,30,37,7,13,9,8,25,32
Nerlens,Noel,,BRK,43,1,6,1,2,3,6,9,3,3,1,5,7,3
Jaylen,Nowell,,MIN,1252,280,625,77,99,36,134,170,132,42,5,65,101,704
Frank,Ntilikina,,DAL,607,48,132,22,33,7,55,62,58,16,7,29,65,135
Kendrick,Nunn,,TOT,964,191,450,35,41,15,94,109,90,28,7,66,66,496
Kendrick,Nunn,,LAL,528,102,251,17,21,5,50,55,34,11,3,31,35,262
Kendrick,Nunn,,WAS,436,89,199,18,20,10,44,54,56,17,4,35,31,234
Jusuf,Nurki?,,POR,1391,262,505,127,192,114,357,471,149,43,44,119,185,694
Jordan,Nwora,,TOT,1188,194,445,68,86,51,178,229,88,24,14,66,74,542
Jordan,Nwora,,MIL,597,76,197,37,43,29,88,117,38,12,7,34,34,229
Jordan,Nwora,,IND,591,118,248,31,43,22,90,112,50,12,7,32,40,313
Royce,O'Neale,,BRK,2409,229,593,50,69,55,329,384,283,65,49,114,239,671
Chuma,Okeke,,ORL,518,43,122,16,21,26,70,96,37,19,11,17,40,128
Josh,Okogie,,PHO,1350,162,414,139,192,109,142,251,105,56,34,63,114,529
Onyeka,Okongwu,,ATL,1849,317,497,153,196,217,359,576,81,56,107,81,251,791
Isaac,Okoro,,CLE,1652,175,354,78,103,52,135,187,87,56,30,42,158,490
KZ,Okpala,,SAC,248,16,38,7,8,7,27,34,13,7,7,7,39,46
Victor,Oladipo,,MIA,1106,160,403,59,79,16,112,128,146,57,12,87,99,449
Kelly,Olynyk,,UTA,1942,278,557,198,232,82,338,420,252,60,37,168,232,847
Eugene,Omoruyi,,TOT,645,101,228,51,75,43,68,111,28,28,3,34,91,278
Eugene,Omoruyi,,OKC,272,44,94,17,28,22,30,52,11,14,0,16,46,113
Eugene,Omoruyi,,DET,373,57,134,34,47,21,38,59,17,14,3,18,45,165
Cedi,Osman,,CLE,1548,239,530,75,108,25,151,176,115,35,11,52,122,669
Kelly,Oubre,Jr.,CHO,1548,353,819,158,208,65,184,249,54,68,18,64,141,972
Chris,Paul,,PHO,1889,294,668,133,160,27,224,251,524,91,22,114,126,819
Cameron,Payne,,PHO,968,188,453,49,64,12,94,106,214,33,8,81,88,493
Gary,Payton,II,TOT,367,41,69,6,7,24,45,69,30,22,5,16,43,101
Gary,Payton,II,POR,255,24,41,4,4,10,29,39,22,16,1,12,29,61
Gary,Payton,II,GSW,112,17,28,2,3,14,16,30,8,6,4,4,14,40
Theo,Pinson,,DAL,323,31,87,11,13,10,53,63,46,6,1,12,34,95
Scotty,Pippen,Jr.,LAL,32,4,12,5,9,2,2,4,2,2,1,2,3,14
Mason,Plumlee,,TOT,2054,329,484,199,313,229,471,700,245,46,47,117,217,857
Mason,Plumlee,,CHO,1597,265,396,155,256,187,354,541,205,35,35,87,161,685
Mason,Plumlee,,LAC,457,64,88,44,57,42,117,159,40,11,12,30,56,172
Jakob,Poeltl,,TOT,1906,389,618,119,201,236,417,653,197,66,86,125,195,897
Jakob,Poeltl,,SAS,1199,239,388,78,129,152,264,416,141,36,52,96,118,556
Jakob,Poeltl,,TOR,707,150,230,41,72,84,153,237,56,30,34,29,77,341
Aleksej,Pokusevski,,OKC,701,108,249,22,35,45,114,159,64,20,43,43,58,276
Jordan,Poole,,GSW,2458,550,1278,361,415,32,193,225,369,63,21,252,214,1675
Kevin,Porter,Jr.,HOU,2024,391,884,207,264,76,238,314,338,82,17,188,156,1130
Michael,Porter,Jr.,DEN,1798,398,817,96,120,64,277,341,65,37,29,68,119,1080
Otto,Porter,Jr.,TOR,146,15,30,8,8,6,13,19,8,11,0,4,7,44
Bobby,Portis,,MIL,1818,398,803,96,125,154,518,672,105,29,16,81,115,987
Kristaps,Porzi??is,,WAS,2120,507,1018,354,416,114,432,546,174,58,100,137,196,1505
Micah,Potter,,UTA,52,10,15,0,0,3,13,16,4,1,0,2,5,24
Dwight,Powell,,DAL,1458,197,269,112,168,149,165,314,69,48,26,65,209,506
Norman,Powell,,LAC,1567,340,710,225,277,24,151,175,109,50,18,101,125,1019
Jason,Preston,,LAC,124,18,41,0,2,2,20,22,27,2,0,10,7,41
Joshua,Primo,,SAS,93,9,26,7,9,2,11,13,18,1,2,11,8,28
Taurean,Prince,,MIN,1192,177,379,65,77,15,117,132,84,28,15,69,123,493
Payton,Pritchard,,BOS,643,101,245,12,16,25,63,88,64,14,1,40,37,270
Trevelin,Queen,,IND,70,7,29,5,5,8,9,17,6,2,5,7,4,21
Neemias,Queta,,SAC,29,6,9,0,2,5,6,11,1,0,2,1,7,12
Immanuel,Quickley,,NYK,2344,419,936,203,248,58,279,337,279,80,14,100,166,1209
Lester,Quinones,,GSW,18,2,5,4,6,1,2,3,2,1,0,5,0,10
Julius,Randle,,NYK,2737,658,1432,402,531,141,626,767,316,49,21,216,233,1936
Austin,Reaves,,LAL,1843,259,490,229,265,33,160,193,215,33,19,99,108,833
Cam,Reddish,,TOT,990,139,312,64,75,18,70,88,57,39,14,47,72,387
Cam,Reddish,,NYK,438,61,136,29,33,7,24,31,20,15,8,15,32,168
Cam,Reddish,,POR,552,78,176,35,42,11,46,57,37,24,6,32,40,219
Davon,Reed,,TOT,342,28,84,16,24,10,49,59,23,15,4,20,39,89
Davon,Reed,,DEN,315,25,80,15,20,9,46,55,19,13,4,20,36,81
Davon,Reed,,LAL,27,3,4,1,4,1,3,4,4,2,0,0,3,8
Paul,Reed,,PHI,755,124,209,38,51,112,150,262,27,46,51,45,123,287
Naz,Reid,,MIN,1251,310,577,86,127,73,260,333,77,42,53,92,176,781
Jared,Rhoden,,DET,198,17,44,6,6,11,26,37,4,4,1,3,23,45
Nick,Richards,,CHO,1217,197,313,137,183,147,269,416,38,11,71,59,154,532
Josh,Richardson,,TOT,1530,239,554,69,81,41,134,175,174,69,20,86,117,654
Josh,Richardson,,SAS,997,177,406,53,60,30,89,119,137,40,11,63,70,481
Josh,Richardson,,NOP,533,62,148,16,21,11,45,56,37,29,9,23,47,173
Austin,Rivers,,MIN,1016,91,209,30,39,5,78,83,75,28,4,23,80,255
Duncan,Robinson,,MIA,691,88,237,29,32,8,61,69,46,14,0,28,77,268
Mitchell,Robinson,,NYK,1591,188,280,59,122,267,288,555,53,56,109,41,160,435
Orlando,Robinson,,MIA,425,47,89,22,31,48,78,126,25,12,12,16,53,116
Jeremiah,Robinson-Earl,,OKC,814,110,248,35,42,71,109,180,43,24,11,19,71,292
Isaiah,Roby,,SAS,474,67,155,20,41,21,86,107,38,18,7,31,53,172
David,Roddy,,MEM,1258,180,420,41,65,50,143,193,59,29,19,57,107,466
Ryan,Rollins,,GSW,62,7,20,6,6,3,9,12,6,1,1,16,10,23
Derrick,Rose,,NYK,338,61,159,11,12,8,32,40,46,7,5,22,18,152
Terrence,Ross,,TOT,1330,200,465,27,34,22,132,154,95,35,10,43,97,522
Terrence,Ross,,ORL,944,129,299,15,20,10,75,85,54,25,8,37,53,334
Terrence,Ross,,PHO,386,71,166,12,14,12,57,69,41,10,2,6,44,188
Terry,Rozier,,CHO,2221,493,1188,178,220,51,208,259,319,74,16,134,119,1329
Ricky,Rubio,,CLE,566,61,178,28,35,9,61,70,115,26,6,31,51,171
D'Angelo,Russell,,TOT,2304,445,948,179,216,35,180,215,437,70,29,186,140,1263
D'Angelo,Russell,,MIN,1778,338,727,143,167,28,137,165,334,60,21,147,117,967
D'Angelo,Russell,,LAL,526,107,221,36,49,7,43,50,103,10,8,39,23,296
Matt,Ryan,,TOT,310,40,108,10,12,4,22,26,16,5,1,7,27,122
Matt,Ryan,,LAL,129,15,49,4,5,2,12,14,4,2,0,3,14,47
Matt,Ryan,,MIN,181,25,59,6,7,2,10,12,12,3,1,4,13,75
Domantas,Sabonis,,SAC,2736,577,938,325,438,251,722,973,573,65,39,230,279,1510
Luka,Šamani?,,UTA,161,26,57,9,13,0,30,30,15,6,2,10,17,69
Dario,Šari?,,TOT,806,127,277,63,76,53,154,207,74,20,7,55,99,362
Dario,Šari?,,PHO,533,76,178,36,44,39,103,142,57,13,5,36,69,215
Dario,Šari?,,OKC,273,51,99,27,32,14,51,65,17,7,2,19,30,147
Olivier,Sarr,,OKC,114,15,30,5,7,12,19,31,4,1,5,4,17,36
Jordan,Schakel,,WAS,6,1,2,0,0,0,0,0,1,1,0,0,1,3
Admiral,Schofield,,ORL,451,55,122,21,23,23,39,62,31,8,5,16,61,155
Dennis,Schröder,,LAL,1986,270,650,216,252,21,144,165,298,50,10,112,145,830
Jay,Scrubb,,ORL,30,5,7,1,2,0,6,6,1,2,0,3,2,13
Dereon,Seabron,,NOP,12,2,5,0,0,1,0,1,0,0,0,0,1,4
Alperen,?engün,,HOU,2171,442,799,206,288,242,436,678,291,70,70,193,258,1109
Collin,Sexton,,UTA,1145,237,468,163,199,37,68,105,138,27,6,85,112,685
Landry,Shamet,,PHO,807,113,300,45,51,11,56,67,93,26,5,36,61,346
Day'Ron,Sharpe,,BRK,552,93,171,35,55,99,101,200,37,15,32,42,89,227
Shaedon,Sharpe,,POR,1779,306,648,75,105,63,173,236,94,38,24,83,136,789
Pascal,Siakam,,TOR,2652,630,1313,367,474,131,425,556,415,65,36,169,228,1720
Chris,Silva,,DAL,3,1,1,0,0,0,0,0,0,0,0,1,2,2
Ben,Simmons,,BRK,1105,133,235,25,57,40,223,263,256,54,24,97,139,291
Kobi,Simmons,,CHO,28,1,6,2,2,1,3,4,5,0,2,1,0,5
Marko,Simonovic,,CHI,20,2,7,1,2,1,1,2,0,0,0,0,5,6
Anfernee,Simons,,POR,2171,467,1045,160,179,18,143,161,253,42,14,128,142,1306
Jericho,Sims,,NYK,812,83,107,12,16,99,143,242,25,15,28,27,96,178
Marcus,Smart,,BOS,1957,250,602,88,118,46,145,191,382,93,23,143,172,703
Dennis,Smith,Jr.,CHO,1390,186,452,78,106,27,140,167,261,75,25,82,122,474
Dru,Smith,,TOT,158,18,45,3,3,2,22,24,22,10,4,3,23,44
Dru,Smith,,MIA,67,5,14,0,0,1,8,9,5,4,3,1,10,11
Dru,Smith,,BRK,91,13,31,3,3,1,14,15,17,6,1,2,13,33
Ish,Smith,,DEN,398,52,131,2,4,5,49,54,100,8,7,44,33,108
Jabari,Smith,Jr.,HOU,2451,364,892,162,206,122,447,569,101,43,74,104,227,1010
Jalen,Smith,,IND,1279,242,508,104,137,129,265,394,66,21,60,72,153,642
Xavier,Sneed,,CHO,48,5,10,4,4,0,5,5,5,0,1,3,7,17
Jeremy,Sochan,,SAS,1458,250,552,81,116,95,200,295,142,43,23,97,138,614
Jaden,Springer,,PHI,89,17,35,6,8,6,8,14,8,7,3,3,15,42
Lamar,Stevens,,CLE,1120,129,288,40,57,48,159,207,33,27,19,27,79,328
Isaiah,Stewart,,DET,1414,195,441,110,149,115,288,403,70,20,34,68,133,567
Max,Strus,,MIA,2272,324,790,78,89,49,209,258,171,42,12,70,166,923
Jalen,Suggs,,ORL,1246,186,444,86,119,55,106,161,155,67,27,94,120,524
Edmond,Sumner,,BRK,736,124,269,99,108,13,66,79,68,31,10,50,83,378
Cole,Swider,,LAL,41,3,9,0,0,1,6,7,4,0,0,0,3,9
Jae'Sean,Tate,,HOU,677,110,229,50,69,41,77,118,84,21,7,47,106,283
Jayson,Tatum,,BOS,2732,727,1559,531,622,78,571,649,342,78,51,213,160,2225
Terry,Taylor,,TOT,264,39,75,6,11,27,20,47,10,3,6,9,26,89
Terry,Taylor,,IND,228,30,65,5,7,22,17,39,10,3,5,9,24,69
Terry,Taylor,,CHI,36,9,10,1,4,5,3,8,0,0,1,0,2,20
Garrett,Temple,,NOP,162,18,45,3,4,5,12,17,13,9,2,4,15,50
Dalen,Terry,,CHI,214,32,72,14,21,12,25,37,22,11,5,8,24,85
Daniel,Theis,,IND,109,21,44,5,12,7,15,22,9,2,6,3,7,49
Cam,Thomas,,BRK,948,201,456,151,174,8,87,95,78,20,7,63,55,604
Klay,Thompson,,GSW,2279,546,1252,116,132,39,247,286,163,49,29,123,130,1509
JT,Thor,,CHO,969,95,238,33,47,36,116,152,36,22,23,44,66,262
Matisse,Thybulle,,TOT,1200,110,253,19,28,40,100,140,53,83,32,24,113,293
Matisse,Thybulle,,PHI,591,50,116,9,12,20,43,63,23,45,14,8,65,130
Matisse,Thybulle,,POR,609,60,137,10,16,20,57,77,30,38,18,16,48,163
Xavier,Tillman,Sr.,MEM,1180,188,306,49,89,121,186,307,96,58,29,44,97,429
Isaiah,Todd,,WAS,61,3,19,2,2,2,10,12,4,1,0,2,4,9
Obi,Toppin,,NYK,1050,187,419,38,47,29,158,187,66,23,12,38,68,497
Juan,Toscano-Anderson,,TOT,700,64,143,19,24,28,96,124,65,16,10,34,80,155
Juan,Toscano-Anderson,,LAL,365,33,66,11,15,14,47,61,25,10,7,17,46,81
Juan,Toscano-Anderson,,UTA,335,31,77,8,9,14,49,63,40,6,3,17,34,74
Karl-Anthony,Towns,,MIN,957,212,428,118,135,48,188,236,140,20,17,86,111,602
Gary,Trent,Jr.,TOR,2118,405,935,172,205,30,143,173,106,104,14,55,102,1148
P.J.,Tucker,,PHI,1920,96,225,19,23,95,200,295,60,39,15,44,180,266
Myles,Turner,,IND,1825,402,733,216,276,88,378,466,89,36,140,103,215,1113
Stanley,Umude,,DET,2,0,1,2,2,0,0,0,0,1,1,0,0,2
Jonas,Valan?i?nas,,NOP,1968,446,816,185,224,225,579,804,140,20,52,159,245,1115
Jarred,Vanderbilt,,TOT,1879,247,451,96,139,170,412,582,184,83,21,97,190,619
Jarred,Vanderbilt,,UTA,1254,173,311,67,102,121,288,409,142,53,15,68,133,432
Jarred,Vanderbilt,,LAL,625,74,140,29,37,49,124,173,42,30,6,29,57,187
Fred,VanVleet,,TOR,2535,437,1112,254,283,30,250,280,495,123,38,140,193,1335
Devin,Vassell,,SAS,1178,261,595,78,100,8,140,148,136,43,17,57,57,703
Gabe,Vincent,,MIA,1759,228,567,68,78,27,118,145,167,62,5,92,154,641
Noah,Vonleh,,BOS,171,11,24,2,2,18,30,48,7,2,8,11,35,25
Nikola,Vu?evi?,,CHI,2746,597,1148,132,158,159,744,903,265,60,57,139,179,1447
Dean,Wade,,CLE,891,73,177,15,23,20,130,150,37,28,21,17,89,206
Franz,Wagner,,ORL,2609,542,1118,271,322,70,259,329,283,77,17,167,183,1485
Moritz,Wagner,,ORL,1109,198,396,153,182,69,190,259,84,37,13,68,136,600
Ish,Wainright,,PHO,915,84,227,26,31,45,94,139,53,38,22,22,117,251
Jabari,Walker,,POR,619,83,198,34,45,48,83,131,34,10,13,29,69,216
Kemba,Walker,,DAL,144,24,57,17,21,3,13,16,19,2,2,4,11,72
Lonnie,Walker,IV,LAL,1297,236,527,91,106,14,95,109,64,30,17,46,71,654
John,Wall,,LAC,755,138,338,77,113,14,78,92,178,27,12,80,59,386
T.J.,Warren,,TOT,687,132,270,28,35,26,95,121,40,22,12,20,65,314
T.J.,Warren,,BRK,490,102,200,27,33,13,59,72,29,15,7,17,45,247
T.J.,Warren,,PHO,197,30,70,1,2,13,36,49,11,7,5,3,20,67
Duane,Washington,Jr.,PHO,394,94,256,16,24,2,34,36,63,6,4,34,23,244
P.J.,Washington,,CHO,2380,434,978,127,174,73,285,358,175,66,79,110,193,1144
TyTy,Washington,Jr.,HOU,433,58,160,10,18,2,43,45,47,15,2,14,29,145
Yuta,Watanabe,,BRK,928,114,232,34,47,30,111,141,48,25,17,22,80,322
Lindy,Waters,III,OKC,531,70,178,16,20,16,59,75,28,14,11,10,42,214
Trendon,Watford,,POR,1182,181,323,72,100,42,196,238,130,32,12,71,118,459
Peyton,Watson,,DEN,186,29,59,11,20,8,29,37,11,2,11,8,14,75
Blake,Wesley,,SAS,669,69,215,26,44,11,70,81,99,25,5,65,67,184
Russell,Westbrook,,TOT,2126,432,991,206,314,89,334,423,551,76,33,255,162,1159
Russell,Westbrook,,LAL,1491,304,729,156,238,59,262,321,391,53,23,184,121,827
Russell,Westbrook,,LAC,635,128,262,50,76,30,72,102,160,23,10,71,41,332
Coby,White,,CHI,1730,263,594,61,70,16,196,212,204,54,6,74,122,715
Derrick,White,,BOS,2319,350,758,168,192,52,241,293,321,54,76,95,177,1017
Jack,White,,DEN,66,8,19,2,3,6,11,17,4,3,2,2,9,21
Joe,Wieskamp,,TOR,50,3,14,0,0,0,4,4,3,0,0,1,3,9
Aaron,Wiggins,,OKC,1297,186,363,59,71,68,142,210,80,39,15,55,110,479
Andrew,Wiggins,,GSW,1190,250,529,44,72,61,125,186,85,45,28,48,107,633
Lindell,Wigginton,,MIL,87,18,37,8,9,0,7,7,14,0,2,12,7,50
Alondes,Williams,,BRK,5,0,0,0,0,0,1,1,0,0,0,2,1,0
Donovan,Williams,,ATL,4,2,5,0,0,0,2,2,0,0,0,0,0,4
Grant,Williams,,BOS,2045,216,476,94,122,87,276,363,131,41,31,82,192,641
Jalen,Williams,,OKC,2276,414,794,155,191,84,253,337,248,103,35,123,191,1056
Jaylin,Williams,,OKC,914,102,234,38,54,44,197,241,76,28,12,37,111,288
Jeenathan,Williams,,POR,127,24,39,2,3,10,5,15,10,3,2,4,13,53
Kenrich,Williams,,OKC,1206,179,346,17,39,97,164,261,105,45,14,32,112,425
Mark,Williams,,CHO,828,160,251,67,97,93,211,304,18,28,45,40,94,387
Patrick,Williams,,CHI,2323,314,677,90,105,78,249,327,100,72,70,101,147,833
Robert,Williams,,BOS,824,127,170,25,41,104,188,292,50,22,48,34,68,279
Vince,Williams,Jr.,MEM,105,12,40,2,2,4,11,15,4,6,2,5,12,30
Ziaire,Williams,,MEM,561,84,196,17,22,16,63,79,35,14,6,37,58,210
Zion,Williamson,,NOP,956,285,469,177,248,58,144,202,133,32,16,99,65,754
Dylan,Windler,,CLE,10,2,3,0,0,0,0,0,1,1,0,1,0,5
Justise,Winslow,,POR,776,81,198,20,28,49,96,145,98,30,11,43,89,196
James,Wiseman,,TOT,867,189,339,68,97,73,194,267,30,7,27,51,108,450
James,Wiseman,,GSW,262,59,94,26,38,18,55,73,14,3,7,14,39,145
James,Wiseman,,DET,605,130,245,42,59,55,139,194,16,4,20,37,69,305
Christian,Wood,,DAL,1738,396,769,217,281,87,404,491,121,30,72,121,169,1114
Delon,Wright,,WAS,1221,138,291,52,60,58,122,180,194,92,17,44,59,369
McKinley,Wright,IV,DAL,335,46,98,13,19,9,38,47,58,8,5,19,24,114
Gabe,York,,IND,56,8,21,2,2,0,6,6,5,2,0,0,5,24
Thaddeus,Young,,TOR,795,108,198,18,26,71,95,166,75,54,5,42,88,240
Trae,Young,,ATL,2541,597,1390,566,639,56,161,217,741,80,9,300,104,1914
Omer,Yurtseven,,MIA,83,16,27,5,6,8,15,23,2,2,2,4,16,40
Cody,Zeller,,MIA,217,37,59,24,35,25,39,64,10,3,4,14,33,98
Ivica,Zubac,,LAC,2170,326,514,166,238,236,520,756,77,29,98,117,219,818
